Model,Numere prezise,Acuratetea predictiei
AdaBoost,"[1, 3, 14, 19, 22]",8.395061728395062
Stacking,"[1, 10, 19, 27, 33]",8.806584362139917
SVM,"[1, 8, 17, 23, 35]",9.053497942386832
CatBoost,"[4, 8, 14, 19, 31]",7.4074074074074066
MLPClassifier,"[2, 11, 17, 25, 34]",9.300411522633745
